Material Code,Material Description,PDT,BFP,Price
400015,BAG; CANVAS TOOL 16'' LENGTH,90,0,750
400088,MACHINE; DRILL ELECTRIC WITH 13 BITS,90,0,1
400167,GOGGLE; FOR GAS WELDING,80,1,181.29
400176,"HAMMER; BALL PEEN, W/HANDLE 1LBS",120,0,1126.86
400177,"HAMMER; BALL PEEN, W/HANDLE 1.5LBS",120,0,1833
400178,"HAMMER; BALL PEEN, ENGG,W/HANDLE, 2LBS",90,0,1085
400180,HAMMER; MASON CHIESEL W/HANDLE 2-1/2LBS,150,0,6572
400205,"PLIER; INSULATED 8""",60,1,1
400207,PLIER; NOSE COMBINATION 8'',150,0,7905
400220,TAPE; STEEL FLEXIBLE  10' 3M,0,1,280
400227,"SAW; HAND WOODEN 16""",90,0,302.87
400233,SCREW DRIVER; PLASTIC HANDLE PHILPS 4'',150,1,1
400234,SCREW DRIVER; FLAT GENERAL 6'',0,1,1
400235,"SCREW DRIVER; (-) 6""",120,0,63.02
400236,SCREW DRIVER; FLAT GENERAL 8'',0,1,1
400237,"SCREW DRIVER; (-) 8""",120,0,116.4
400238,"SCREW DRIVER; FLAT GENERAL 10""",0,1,1
400239,"SCREW DRIVER; (-) 12""",90,0,4453
400244,"SHOVEL; W/D/HANDLE #3 10""X11-1/2""X14SWG",90,0,457.96
400250,"SPANNER; ADJUSTABLE 10""",120,1,1
400251,"SPANNER; ADJUSTABLE 15""",120,1,1
400275,"DRIVER; SCREW MINUS SHAPE 10""",60,1,1
400304,TESTER; NEON,120,0,138.22
400310,"VICE; DRAW STRAINING RATCHET 8""",120,0,7545.29
400314,WRENCH; PIPE STEEL 10'',90,0,1670.59
400315,WRENCH; PIPE STEEL 12'',90,0,778.95
400316,WRENCH; PIPE STEEL 14'',150,0,1084.57
400318,"WRENCH; PIPE STEEL 24""",90,0,898.35
400386,SHEILD; FACE (VISOR),40,0,1586.53
400404,HELMET; SAFETY YELLOW W/CHN STRP W/VISOR,80,0,5096
400405,HAMMER; ROUND HEAD HAMMER 250GMS,150,0,1
400410,"LOCK; PAD LOCK SIZE 2 INCH, 50 MM",90,0,128.49
400521,"BRUSH; PAINTING BRUSH 4""",60,0,324.59
400532,"PLIER; INSULATED NOSE PLIER 8""",150,0,7905
400630,"BLADE; HACKSAW SINGLE TEETH 12""",30,1,3.72
400711,TROLLEY; VCB 400A,0,1,417431.33
400728,LOCK; MASTER WITH KEY,0,1,374.36
400851,TESTER; LIVE  LINE 11KV,120,0,29450
400954,SPANNER; RING D/END 6MM-32MM,90,1,10800
401507,"Cable Knife Steel, Model No. 281-u",0,0,1000
401592,TORCH; LIGHT WITH CELL,150,1,260
401609,GRINDER; BABY,150,0,16039.48
401630,TESTER; DIGITAL EARTH RESISTENCE,120,0,60800
401734,CUTTER; WOOD TREE PETROL OPERATED,120,1,35000
401741,HARNESS; SAFETY FULL BODY,80,0,2160.01
401743,BELT; FRONT POSITIONING,80,0,2148.56
401859,MACHINE; DRILL 1/2HP,90,1,4387.02
401867,"GRIP ; WIRE, COME ALONG  LV (ABC)",120,0,31825.31
402058,"PLIER ; LUGS , PUNCH",0,1,1
402059,"PLIER ;SLEEVE ,  PUNCH",0,1,1
402109,"TOOL; BOX MS WITH LOCK 9""X18""",90,0,8542
402121,"TYRE; TROLLEY CASTER  DIA 8""",0,1,1656
402195,WEDGES; LV (ABC),120,0,5500
402437,"WRENCH ; TORQUE (OPEN JAW) 1/2"" 17-22",60,1,35000
402980,MASK; DUST,120,0,48.41
403874,"CUTTER; SIDE 8""",60,1,719.6
404752,GLOVE; LEATHER,90,0,512.41
405005,LANYARD; SHOCK ABSORBING (DOUBLE HOOK),120,0,4857.56
405021,GLOVE;ELECTRICAL SAFETY (CLASS:0) SIZE 9,130,0,4440.16
405022,GLOVE;ELECTRICAL SAFETY(CLASS:0) SIZE 10,130,0,4351.83
405024,GLOVE;ELECTRICAL SAFETY(CLASS:0) SIZE 11,130,0,4541.43
405459,TARPAULIN; CANVAS 12'x24',60,0,19510.53
405513,LAMP; KILLER ELECTRIC INSECT/PEST,0,1,5450
405713,"PLIER; INSULATED 9""",60,0,2420
405959,CAMERA; THERMO GRAPHIC,90,0,994700
406141,"VICE; DRAW STRAINING RATCHET 12""",90,0,29400
10000033,STRUCTURE; PMT 250/500 KVA COMPLETE,90,0,163999.11
10000045,CURRENT TRANSFORMER 200/5 AMPS A TO 42.2,0,1,846.79
10000046,FRAME; MS LT 8 WAY,122,1,55000
10000195,TRANSFORMER; CURRENT 11KV D/W 200/5/5A,90,1,1987.31
10000200,TRANSFORMER;CURRENT 11KV D/WND 400/5/5A,90,1,542.75
10000304,TAPE; RUBBER ETHYLENE PROPYLENE,120,0,1278.07
10000314,JOINT; BOX HT ST 300MM2,120,0,18634.49
10000315,JOINT; BOX HT ST 185MM2,120,1,7029
10000316,TERMINATION; HT OUTDOOR 300MM2,120,0,12087.65
10000317,TERMINATION; HT O/DOOR 185MM2,120,1,5162
10000318,TERMINATION; HT INDOOR 300MM2,120,0,10159.79
10000319,TERMINATION; HT INDOOR 185MM2,120,1,4492.01
10000320,FERRULE; AL HT 300 MM2,90,0,318.03
10000324,TERMINTION KIT O/DOOR 95MM2,120,1,4790
10000325,TERMINATION; HT INDOOR 95MM2,120,0,4609.83
10000326,JOINT; BOX CU LT ST 240MM2,120,0,7099.16
10000327,JOINT; BOX CU LT ST 70MM2,120,0,5301.43
10000328,JOINT; BOX CU LT ST 35MM2,120,0,2768.1
10000329,JOINT; BOX CU LT ST 16MM2,120,1,1109
10000330,TERMINATION; LT INDOOR 240 MM2,120,0,11093.48
10000331,TERMINATION; LT INDOOR 120MM2,120,0,6124.44
10000332,TERMINATION; LT INDOOR 70 MM2,120,0,4544.47
10000333,TERMINATION; LT INDOOR 35 MM2,120,0,3090.52
10000334,TERMINATION; LT INDOOR 16MM2,120,0,3695.83
10000335,TERMINATION; LT OUTDOOR 240 MM2,120,0,8892.24
10000336,TERMINATION; LT OUTDOOR 120 MM2,120,0,5946.66
10000337,TERMINATION; LT OUTDOOR 70 MM2,120,0,4387.99
10000338,TERMINATION; LT OUTDOOR 35MM2,120,0,3105.22
10000339,TERMINATION; LT OUTDOOR 16MM2,120,0,3298.28
10000346,FUSE; LINK HRC LT 630A,120,0,966.72
10000352,INDICATOR/LOCATOR; EARTH FAULT 11KV,170,0,31007.1
10000355,BASE; FUSE HRC LT 630 A (NH3),90,0,3767.66
10000357,"POLE; LT ST 31' x 4-1/2""",150,0,68509.29
10000360,"POLE; HT ST 36' x 5-1/2""",160,0,116308.12
10000362,POLE; LATTICE STRUCTURE L TYPE,120,0,22040.2
10000363,POLE; LATTICE STRUCTURE H TYPE,90,0,40000
10000414,BOX; FEEDER PILLAR 4 WAY 300A,122,1,53200
10000417,PANEL; INDOOR LT 8 WAY,0,1,190145
10000590,LUG; BI-METALLIC 300 MM2,120,0,1306.39
10000591,LUG; BI-METALLIC 185 MM2,120,0,1071.09
10000592,LUG; BI-METALLIC 95 MM2,120,0,327.33
10000593,LUG; BI-METALLIC 16 MM2,120,0,165.1
10000594,LUGS ALUMINUM 25MM2,0,1,75
10000649,BREAKER; LT W/BOX 800A,0,1,35915.76
10000651,BREAKER; LT W/BOX 400A,0,1,19821.43
10000659,TRANSFORMER; CURRENT 11KV S/WOUND 100/5A,90,1,16818
10000667,TRANSFORMER;CURRENT 11KV D/WND 100/5/5A,90,1,40059.09
10000680,TRANSFORMER; DISTRIBUTION 3-PHASE 15KVA,0,1,94558.5
10000681,TRANSFORMER; DISTRIBUTION 3-PHASE 25KVA,90,0,259082.47
10000685,TRANSFORMER; DIST 3Ø OIL TYPE 50KVA (CU),90,0,183415.73
10000694,TRANSFORMER; DISTRIBUTION 3-PHASE 150KVA,90,1,357439.68
10000698,TRANSFORMER;DIST 3Ø OIL TYPE 250KVA (CU),45,0,1773892.7
10000701,TRANSFORMER; DISTRIBUTION 3-PHASE 200KVA,120,0,810875
10000705,TRANSFORMER; DISTRIBUTION 3-PHASE 400KVA,90,0,1365000
10000710,TRANSFORMER;DIST 3Ø OIL TYPE 500KVA (CU),45,0,3115298.64
10000711,TRANSFORMER; DISTRIBUTION 3-PHASE 630KVA,150,1,3157160.71
10000714,TRANSFORMER;DIST 3Ø OIL TYPE 100KVA (CU),45,0,1049351.24
10000721,TRANSFORMER;DIST 3Ø OIL TYPE 750KVA (CU),45,0,3705031.11
10000722,TRANSFORMER;DIST 3Ø OIL TYPE 1000KVA(CU),90,0,5177171.43
10000730,TRANSFORMER;CURRENT 11KV D/WND 300/5/5A,90,1,15124
10000924,"VCB; BUS COUPLER PANEL, 15KV 2500A 8BD4",120,0,1586838
10000995,FERRULE; CU LT 120 MM2,90,0,140
10000996,JOINT; BOX CU LT ST 120MM2,120,0,6857.37
10001027,SLEEVE; COPPER 500 MCM 240MM2,0,0,6047.45
10001036,FERRULE; CU LT 70 MM2,90,1,696
10001043,FUSE LINK 80AMP,0,1,300
10001056,FERRULE; CU LT 240 MM²,90,1,340
10001057,MARKER; FOR CABLE JOINT,120,0,1190.9
10001058,PIPE; HUME RCC,120,1,1000.01
10001059,"WIRE; CU, PVC INSULATED, S/CORE 10 MM2",90,0,90.11
10001060,"WIRE; CU, PVC INSULATED, S/CORE 35 MM2",90,0,764.92
10001061,"WIRE; CU, PVC INSULATED, S/CORE 50 MM2",90,0,1039.99
10001062,"WIRE; CU, PVC INSULATED, S/CORE 120 MM2",90,0,3043.98
10001063,"WIRE; CU, PVC INSULATED, S/CORE 300 MM²",90,1,3159.91
10001077,LUG; CU 16MM2 PALM HOLE DIA 13MM,90,0,89.99
10001078,LUG; CU 10 MM2,90,0,26.99
10001081,LUG; CU 70 MM2,90,0,278.28
10001082,LUG; CU 35 MM2,90,0,155.79
10001084,LUG; CU 120 MM2,90,0,475.21
10001085,LUG; CU 300 MM2,90,0,737.26
10001086,LUG; CU 240 MM2,90,0,969.05
10001097,WIRE; BINDING 14SWG,90,0,2365.8
10001098,WIRE; BINDING 16SWG,90,0,2505.11
10001099,WIRE; STEEL STAY G.I 7/8SWG,90,0,411.99
10001104,CONDUCTOR; HDBC 2SWG,90,1,651.72
10001105,CONDUCTOR; HDBC 4SWG,90,0,2190.7
10001106,CONDUCTOR; HDBC 3/O SWG,90,0,1390.56
10001107,CONDUCTOR; HDBC 8SWG,90,1,493.24
10001108,UNIT; EARTHING  COMPLETE,90,1,1892.16
10001112,CLIP; EARTHING FOR 3 SWG,0,1,1
10001128,FUSE; LINK DO CUTOUT HT 40A,120,0,447.54
10001129,FUSE; LINK DO CUTOUT HT 15A,120,0,432.3
10001132,BOX; FUSE ICTP 200A/300A LT DB,110,0,18705.81
10001133,BOX; ANTI-THEFT A TYPE,90,0,35204.08
10001134,BOX; ANTI-THEFT B TYPE,90,0,5323.23
10001147,BOX; FUSE ICTP 100A LT DB,110,0,4942.88
10001183,"PIPE; GI 3/4""Ø",120,0,45.43
10001184,"PIPE; GI 4""Ø",90,0,3419.63
10001185,"PIPE; GI 6""Ø",130,0,5703.05
10001187,"PIPE; GI 5""Ø",90,0,4853.19
10001188,PIPE; BEND GI 1.5''Ø,120,1,2206.31
10001203,BRACKET; POLE STRAIGHT AI 5-LINE,90,1,861
10001204,BRACKET; POLE STRAIGHT AI 6-LINE,90,1,1281.03
10001205,"BRACKET; POLE CH.I 14"" x 4-1/2""",120,0,760.79
10001206,"BRACKET; POLE CH.I 14"" x 5-1/2""",120,0,1344.86
10001207,"BRACKET; POLE CH.I 14"" x 6-1/2""",120,0,1102.83
10001208,"BRACKET; POLE CH.I 22"" x 4-1/2""",120,1,524.67
10001209,"BRACKET; POLE CH.I 22"" X5-1/2""",120,1,659.45
10001210,"BRACKET; POLE CH.I 22"" x 6-1/2""",120,1,587.23
10001211,"BRACKET; ANTIPERCHENT S/P 5-1/2""",90,0,5792.6
10001212,"BRACKET; POLE ANTI PURCHANT D/P 5-1/2""",90,0,2390.49
10001213,BRACKET; PH HT 5' X 5-1/2'',120,0,10404.43
10001214,BRACKET; EARTH 8'X5-1/2'',120,0,10195.72
10001218,"BRACKET; POLE G.I A TYPE 4-1/2""",90,0,643.04
10001219,"BRACKET; POLE G.I A TYPE 5-1/2""",90,0,410.85
10001220,"BRACKET; POLE G.I A TYPE 6-1/2""",90,0,723.16
10001222,BRACKET; POLE G.I C TYPE 3-1/2'',0,1,16.55
10001224,"BRACKET; POLE G.I C TYPE 4-1/2""",90,0,374.33
10001225,"BRACKET; POLE G.I C TYPE 5-1/2""",90,0,413.88
10001226,BRACKET; POLE G.I C TYPE 6-1/2'',90,0,883.29
10001227,BRACKET; POLE STRAIGHT AI 3-LINE,60,1,454.39
10001231,"CLAMP; GI, D-TYPE 3-1/2""",90,0,361.4
10001234,"CLAMP; POLE G.I B-TYPE 3-1/2""",0,1,16.21
10001235,"CLAMP; POLE G.I B-TYPE 4-1/2""",90,0,393.95
10001237,"CLAMP; POLE G.I B-TYPE 5-1/2""",90,0,862.11
10001238,"CLAMP; POLE G.I B-TYPE 6-1/2""",90,0,555.57
10001253,"CLAMP; POLE GI STAY 4-1/2""",90,0,488.46
10001254,"CLAMP; POLE GI STAY  5-1/2""",90,0,537.14
10001256,"CLAMP; POLE GI STAY 6-1/2""",120,0,549.33
10001258,CLAMP; SNAIL DISCONNECTION 11 KV,90,0,987.45
10001260,"CLAMP; GI, D-TYPE 5-1/2""",90,0,287.91
10001261,BOARD; DANGER RED ENAMELLED 11000 VOLTS,90,0,920.05
10001272,ARRESTOR; LIGHTNING,140,0,4858.3
10001313,"ELBOW; GI SIZE: 1-1/2""",90,1,30.3
10001331,"TEE; G.I 1-1/2""",120,1,77.54
10001369,"CLAMP; GI PIPE 1-1/2""",120,0,340.68
10001373,"CLAMP; GI FULL 1-1/2""",90,0,71.74
10001378,CLAMP; GI SHACKLE 1-1/2'',120,1,59.13
10001412,"TEE REDUCING  GI  1 X 1 -1/4"" DIA",0,1,5.5
10001442,INSULATOR; SHACKLE LT 19/18,120,0,255.95
10001443,INSULATOR; SHACKLE LT 19/13,120,0,387.96
10001448,PIN; FOR PIN INSULATOR,140,0,1841.47
10001449,INSULATOR; PIN TYPE 11 KV,120,0,3592.19
10001450,INSULATOR; DISC TYPE,120,0,3810.55
10001454,"TAPE; PVC 3/4""",60,0,55.39
10001456,CLOTH; YELLOWVARNISH INSULATED EMPIRE,120,1,5135.12
10001532,"BOLT&NUT; GI 3""X1/2""",90,1,15.18
10001534,"STRIP; G.I 28""",90,0,207.64
10001535,"BOLT&NUT; GI 2""X1/2""",90,0,107.12
10001550,ELECTRODE; WELDING MS 8 SWG,120,1,84.43
10001551,ELECTRODE; WELDING MS 10 SWG 3.2MM,120,1,102.26
10001552,ELECTRODE; WELDING MS 12 SWG,120,0,321.08
10001553,"ROD; STAY G.I. 6'X3/4"" 1829X19MM",90,0,1215.13
10001590,"BOLT & NUT; MS 1-1/2"" X 1/2""",90,1,23.44
10001592,"BOLT&NUT; MS HEXAGON 2-1/2 X 1/2""",90,1,20
10001595,"BOLT&NUT; MS 4""X1/2""",60,1,19.88
10001596,"BOLT&NUT; MS 5""X1/2""",90,0,37.93
10001605,"BOLT&NUT; MS 7""X3/4""",90,1,63.03
10001606,"BOLT&NUT; MS 6""X1/2"" EYE TYPE",90,0,129.1
10001609,"BOLT&NUT; MS 2""X1/4""",60,1,3.25
10001611,"BOLT&NUT; GI 4""X1/2""",90,0,26.13
10001612,"BOLT&NUT; GI 5""X1/2""",90,0,191.19
10001614,"BOLT&NUT; GI 7""X5/8"" HEXAGON",90,0,258.24
10001615,"BOLT&NUT; GI 7""X3/4"" SQ",90,1,249.47
10001616,"BOLT&NUT; MS 6""X1/2"" RAG",90,1,19.94
10001620,"BOLT&NUT; GI 1-1/2""X1/2""",90,0,101.19
10001668,STRIP; SHACKLE G.I 19/18,90,0,67.23
10001669,STRIP; SHACKLE G.I 19/13,90,0,319.09
10001670,SCREW; STRAINING G.I,120,0,952.07
10001705,"BOLT&NUT; BRASS HEXA 2""X1/2""",90,0,288.85
10001730,SEAL; LEAD ROUND SOFT,90,1,244.06
10001732,"SAW; HACKSAW BLADE 12""X1/2""",60,0,29.22
10001745,PAINT; DISTEMPER OFF WHITE,60,0,160.19
10001752,THINNER; NC (FOR CLEANING),90,0,153
10001764,PAINT; SYNTHETIC ENAMEL RED OXIDE,72,1,302.6
10001843,TARPAULIN; CANVAS 24'x18',60,0,13840.85
10001844,TARPAULIN; CANVAS 18'x18',60,0,12804
10001851,LINE TAP; 70MM2 3/OSWG,120,0,387.68
10001852,LINE TAP; 4SWG,120,1,58.19
10001853,LINE TAP; 2SWG,120,1,75.69
10001886,SHINGLE  (BAJRI),0,1,0
10001891,LINE TAP; 240MM2,120,0,2107.88
10001906,TRANSFORMER; CURRENT LT 100/5A,60,0,1549.09
10001907,TRANSFORMER; CURRENT LT 300/5A,60,0,1929.97
10001917,TRANSFORMER; CURRENT LT 1000/5A,120,0,1502.1
10001921,"WIRE; CU PVC INSULATED, S/CORE 240 MM2",90,0,5573.3
10001922,WIRE; PVC FLEXIBLE 4 MM2 SINGLE CORE,90,0,125.72
10001925,"BOLT&NUT; GI RAG 5""X1/2""",60,1,13
10001930,TRANSFORMER; CURRENT LT 400/5A,60,0,2158.68
10001962,STRUCTURE; PMT HOT DIP GALVANISED 50KVA,90,1,11887.82
10001968,TRANSFORMER; CURRENT LT 2500/5A,60,0,6026.23
10002010,METER; POWER CLAMP,120,0,40821.71
10002052,CONDUCTOR; ACSR RABBIT 2SWG,90,0,776.08
10002053,CONDUCTOR; ACSR GOPHER 6SWG,120,0,608.86
10002054,CONDUCTOR; ACSR DOG 3/0SWG,120,0,819.41
10002117,TRANSFORMER; CURRENT LT 500/5A,120,0,831.03
10002118,TRANSFORMER; CURRENT LT 600/5A,60,0,1975.86
10002119,TRANSFORMER; CURRENT LT 200/5A,60,0,1840.98
10002120,TRANSFORMER; CURRENT LT 800/5A,60,0,2458.76
10002139,"PIPE; PVC 1""",120,0,31.02
10002146,"BRACKET; EARTH POLE HT CH I 8'X 4-1/2""",60,1,985.47
10002148,"ARM; CROSS GI HOT DIP 6'X3""X1-1/2",90,0,2900
10002160,CLAMP; POLE GI HT CABLE 5-1/2”x 3”,120,0,1814.55
10002161,"CLAMP; POLE GI HT WIRE 5-1/2""X4""",120,0,2418.29
10002166,"PIPE; FLEXIBLE PVC 1""",90,0,115
10002167,"PIPE; FLEXIBLE PVC 3/4""",60,1,15.81
10002173,STAY UNIT; COMPLETE FOR LT POLE,120,0,4800.31
10002202,"TAPE; MASKING  3/4""",60,1,24.11
10002203,TAPE; WARNING,60,0,3.67
10002224,"BENCH; WOODEN 71X17X35-1/2""",0,1,1800
10002331,WIRE; SEALING STEEL,120,1,0
10002341,SEAL; WIRE TWIST TIGHT (PLASTIC),120,0,67.36
10002343,LINE TAP; 120MM2,120,0,758.5
10002373,CORDAGE; MANILLA ROPE 3 STRANDS 1/2'',120,0,418
10002404,BROOM; FLOWER,0,1,30.71
10002405,COAT; RAIN LARGE,60,0,1290.09
10002407,COAT; RAIN MEDIUM,60,0,1286.32
10002446,GENERATOR; SURGE LT SU 2-4-8,120,0,1689968.03
10005046,TESTER; TONG,90,0,23710.5
10005057,CABLE; CU LT PVC 4CORE 16MM2 ARM,100,0,2195.67
10005058,CABLE; CU LT PVC 4CORE 120MM2 ARM,100,0,12230.22
10005059,CABLE; CU LT PVC 4CORE 35MM2 ARM,100,0,4053.83
10005060,CABLE; CU LT PVC 4CORE 70MM2 ARM,100,0,6532.55
10005061,CABLE; CU LT PVC 4CORE 240MM2 ARM,120,0,22752.74
10005062,CABLE COPPER CONTROL  6 MM2 4 CORE STAND,120,0,350
10005063,CABLE COPPER CONTROL 2.5 MM2 7 CORE SOLI,60,0,112.5
10005065,CABLE; CU LT PVC 4CORE 16MM2 UNARM,120,0,1320.96
10005066,CABLE; CU LT PVC 4CORE 35MM2 UNARM,120,0,1369.54
10005070,CABLE; CU CONTROL 4CORE 2.5MM2,120,1,163.89
10005074,CABLE; AL HT XLPE 3 CORE 95MM2,120,1,1168.86
10005075,CABLE; AL HT XLPE 3 CORE 300MM2,90,0,9916.78
10005078,CABLE; CU LT PVC 2CORE 10 MM2 UNARM,150,0,567.05
10008341,"SOCKET; GI 6""",45,1,1738.91
10008749,PAINT; SYNTHETIC ENAMEL ORANGE,60,0,352.23
10008778,COTTON; WASTE,60,0,105.16
10009606,RELAY; DOOR MOTOR OVER LOAD 2 4 4 OAMP+,0,0,1
10013019,PAINT; ENAMEL SPL GREY,60,0,523.36
10013079,"ROPE; MANILA ROPE 1""",120,1,399.81
10013173,"TAPE; EMPIRE TAPE 3/4""",120,1,254.13
10013181,CEMENT; OPC,60,0,15.99
10013263,"CLAMP; JUBLEE  1"" X 1/2""",60,1,8.72
10020832,PAINT; SYNTHETIC ENAMAL BLACK,60,1,226.39
10020862,PAPER; EMERY PAPER NO 0,60,0,13.44
10020864,PAPER; EMERY PAPER NO 1,120,0,10.32
10021072,CLEAT; LT WOODEN,150,0,4416.48
10021076,"STRUT; UNIT FOR LT ST POLE 31'x4-1/2""",150,0,45932.48
10021077,CLAMP; CABLE SUSPENSION 51X14MM,60,1,54.84
10021079,BOX; CHAMBER BUSBAR SMALL,120,0,14095.69
10021093,PANEL; REMOTE CONTROL FOR 15KV S/GEAR,60,0,591400
10021107,"CLAMP; POLE LT WIRE 6-1/2""X4""",120,0,2170.68
10021108,"CLAMP; POLE LT CABLE 6-1/2”x3""",90,0,1101.44
10021121,BOX; PMT CHAMBER (ATB POLE MOUNTED),110,0,15515.83
10021171,SHEET; MS 6' x 4' x 20SWG,80,0,1332
10021176,"BAKELITE SHEET SIZE 42""X3""X1.25""",120,1,662.59
10021177,"TIE; CABLE 10""",90,0,2.79
10021181,GENERATOR; SURGE HT,120,0,2426387.72
10021197,"PIPE; GI 1.5""Ø",150,0,860.8
10021210,FUSE; LINK HRC LT 500 A (NH3),120,1,883.91
10021211,FUSE; LINK HRC LT 315 A (NH2),150,0,1128.92
10021212,"FUSE LINK, HRC, 630AMP",0,1,432.72
10021229,SWITCH; KNIFE 11KV,120,1,65036.74
10021230,EFI; ENCLOSURE FOR HT STEEL TUBULAR POLE,90,0,5803.98
10021231,CAPACITOR; 11KV UNSWTCH W/HNGR 3X150KVAR,120,1,107000
10021251,"BOLT&NUT; GI 6""X1/2"" RAG",90,0,84.59
10021274,"BOLT & NUT; G.I 6""X1/2"".",90,1,27
10021289,CUTOUT; D/O D-YPE PORCLEAN 100A 11KVA,117,1,5046.03
10021293,CLEAT; HT WOODEN,120,1,693.43
10022094,GRINDER; CUTTER,90,0,33808.62
10022426,LUG; CU 50MM2,90,0,195.58
10022464,"BOLT&NUT; GI 5""X5/8""",60,1,47.14
10022542,STRUT UNIT; COMPLETE FOR HT POLE,120,0,45111.93
10022547,FUSE; LINK HRC LT 200 A (NH2),150,0,1141.77
10022548,FUSE LINK HRC L.T. 315 A,0,1,5000
10022555,"NAIL; STEEL 2"" WITH WASHER",90,1,2.48
10022559,"BOX; CHAMBER BUSBAR LARGE 5'X 6""",90,0,54849.33
10022563,CLIP; CHINA 18MM,120,0,5.68
10022564,CLIP; CHINA 25MM,120,0,9.86
10022565,"TIE; CABLE 6""",90,0,1.08
10022566,"TIE; CABLE 8""",90,0,1.15
10022569,EYE; GI STAY LARGE,90,0,90
10022570,"PIPE; GI 3""Ø",60,1,456.65
10022571,"BUSBAR; CU 3""X1/4""",120,0,956.62
10022590,WIRE; BARBED GI 2 PLY 4 POINT,120,0,833.54
10022617,"TERMINATION; INDOOR 15KV , KITS 630MM2",0,0,4909
10022643,"BOLT&NUT; MS 2""X1/2""",90,1,22.54
10022660,"NAIL; STEEL W/WASHER,1-1/2""X1/8""+3/16""",60,0,2.9
10022693,"WIRE; CU, PVC INSULATED, S/CORE, 4MM SQ",90,1,10.41
10022766,"BOLT&NUT; GI 2-1/2""X1/2""",90,0,140.98
10022773,"BOLT&NUT; GI 2""X1/2""",90,1,16
10022798,"VCB; 11KV, 630A CT 400/5,W/PROT",107,1,724941.23
10022857,LUG; CU 4MM2 (11 #),90,0,4.4
10022858,LUG; CU 4 MM2 (88 #),90,1,4.42
10022859,"TIE; CABLE 4""",70,1,0.66
10022862,TAG; NUMBERING,120,1,1.02
10022942,"BUSBAR; CU 2.5""X1/2""",120,1,622.3
10022944,"PIPE; GI 2""Ø",60,1,533
10022960,FUSE; LINK HRC LT 400 A (NH2),150,0,1051.29
10023217,"GUN; AIR IMPACT 4 SPEED 3/4"" DRIVE SQU",0,0,55000
10023526,"SOCKET G.I. 5"" DIA",45,1,390.9
10023565,"BRACKET; CH. IRON 3-1/2' X 5-1/2""",120,1,2094.42
10023575,CAPACITOR; BANK 11KV 4MVAR,90,1,1949937
10023589,"BOLT&NUT; GI 5""X1/2"" W/WASHER",90,0,150.69
10023590,"BOLT&NUT; GI 1-1/2""X3/8"" W/WASHER",60,1,6
10023626,"BOLT&NUT; GI 1-1/4""X3/8"" W/WASHER",60,1,3.68
10023627,SHEET; CORK 1 M X 1 M X 4.5 MM,90,1,927.85
10023630,FUSE; LINK DO CUTOUT HT 30A,120,0,452.31
10023633,"BOLT&NUT; MS 2-1/2""X1/2"" W/SPRNG WASHR",60,1,11
10023634,"BOLT&NUT; GI 7""X5/8"" W/SPRING WASHER",80,1,58.8
10023670,"CROSS ARM; FOR R&B PH INSULA 42X5-1/2""",120,0,5198.78
10023671,"BOLT&NUT; GI 3""X5/8""",60,1,41.3
10023688,CABLE; AL XLPE HT ABC 3X185+70 MM2,120,1,1288.18
10023701,"VCB; 11KV, 630A CT 100/5,W/PROT",0,1,682000
10023702,"VCB; 11KV, 630A CT 50/5,W/PROT",0,1,677888.88
10023705,"VCB; 11KV, 630A CT 200/5/5,W/PROT,W/MET",0,1,782726.08
10023708,"VCB; 11KV, 630A CT 50/5/5,W/PROT,W/MET",0,1,827000
10023727,BREAKER; LT CIRCUIT ADJUSTABLE 1600A,120,0,136414.21
10023729,"WIRE; CU PVC INSULATED, S/CORE 70 MM2",90,0,1656.38
10023730,"BOLT&NUT; GI 3""X3/8""",60,1,6.76
10023732,"BOLT&NUT; GI 10""X1/2""",60,1,50
10023746,"BOLT&NUT; GI 2-1/2""X1/2"" W/WASHER",90,0,27.79
10023757,STAY UNIT; HT COMPLETE,90,0,3810.1
10023761,FUSE; LINK HRC LT 100 A (NH1),150,0,593.1
10023762,BRACKET; PH HT  LATTICE POLE,60,1,2800
10023763,STRUCTURE; PMT  S/POLE LATTICE 25/50KVA,90,1,10481.21
10023830,CLAMP SUSPENSION 400 MM SQ,0,1,1
10023855,BOX; FUSE ICTP 400A LT DB,110,0,18815.63
10023859,"BUSBAR; CU LT 2""-1/2""X1/4""",120,0,12436.56
10023860,"BUSBAR; CU LT 4""X1/4""",90,1,21824.37
10023862,FUSE; LINK DO CUTOUT HT 10A,120,0,399.23
10023864,"BOLT&NUT; GI 12""X3/4"" FULL THREAD",90,1,139.3
10023865,"BLADE; HACKSAW DOUBLE TEETH 12""",60,0,37.15
10023867,"BOLT&NUT; GI 4""X1/2"" RAG",60,1,180.4
10023875,"VCB; PANEL OUTGOING, 15KV 1250A 8BD4",0,1,1444785
10023901,BREAKER; LT W/BOX 200A,150,1,12854
10023902,BREAKER; LT 100A WITH BOX,0,1,9337.74
10023903,BREAKER; LT W/BOX 50A,0,1,8120.6
10023960,PMT NAME PLATE SIZE 762 X 457 MM,120,1,1533.87
10024138,CONDUCTOR; CU SOLID 3/OSWG,90,1,2108.7
10024139,CONDUCTOR; CU 4SWG SOLID,0,1,413.09
10024141,CONDUCTOR; CU 8SWG SOLID,0,1,0
10024297,GEL; SILICA,90,0,478.74
10024372,SHIRT + TROUSER; (EXTRA LARGE),90,0,1933.86
10024373,SHIRT + TROUSER; (LARGE),90,0,1863
10024374,SHIRT + TROUSER; (MEDIUM),90,0,2830
10024375,SHIRT + TROUSER; (SMALL),90,0,2830
10025031,"TILE; CABLE WARNING 12'""X6""X1.5""",10,0,27.87
10025126,BAR; CU EARTHING DISTRIBUTION,120,1,2638.24
10025127,BOLT&NUT; GI 50MM RAWAL,60,0,52.06
10025128,CLAMP; CU CONDUCTOR C-TYPE FOR 70MM,60,1,7.8
10025567,CABLE; AL XLPE LT ABC 3X95+70+1X25MM2,90,0,1417.48
10025568,CABLE; AL XLPE LT ABC 2X16 MM2,113,1,35.42
10025723,"SCREW;WITH NUT &WASHER SIZE 1-1/2""X3/16""",120,1,1.42
10025973,"BOLT&NUT; GI 1-1/2""X1/2"" W/WASHER",120,0,15
10025990,CABLE; AL XLPE LT ABC 4X16 MM2,90,0,242.48
10025993,ASSEMBLY;SERVICE ANCHOR(BRACKET & CLAMP),120,1,386.31
10025994,CONNECTOR; PIERCING INSULATED 95/16MM2,0,1,177.8
10025995,CAP; CABLE END 70MM2,120,0,24.34
10025996,STRAP; STAINLESS STEEL 20MMX 0.7MM,120,1,92.03
10025997,BUCKLE; FOR STAINLESS STEEL STRAP,90,1,10.91
10025998,STRAP;PLASTIC BINDING (INSULATED) 350MM2,120,0,11.03
10025999,CAP; CABLE END 25MM2,120,0,21.65
10026002,BRACKET; DEAD END/ANCHOR CLAMP (LT ABC),120,1,516.14
10026003,CAP; CABLE END 95MM2,120,0,24.39
10026004,SLEEVE; PRE-INSULATED JOINT 70MM2,140,1,174.12
10026005,CONNECTOR; PIERCING INSULATED 95/95MM2,0,1,280.82
10026008,CLAMP ASSEMBLY;SUSPENSION(BRACKET&CLAMP),120,0,600.54
10027027,SLEEVE; PRE-INSULATED JOINT 95MM2,120,1,292.39
10027028,SLEEVE; PRE-INSULATED JOINT 25MM2,140,1,194
10027115,"PANEL; ADAPTOR, FOR ALIGNMENT/COUPLING",374,1,906351.82
10028953,POLE; HT SPUN PRESTRESSED CEMENT CONCRET,90,0,23872.92
10029337,"BOLT&NUT; BRASS 1-1/2""X1/2""",90,0,286.64
10029366,BULB;ENERGY SAVER 24W W/HOLDER&NET COVER,0,1,170.94
10029428,"CLAMP; POLE GI 8""",90,1,585.31
10029531,L.T. PCC SPUN POLE,90,0,35366.84
10031188,TRANSFORMER; DISTRIBU RECOND 50KVA WAPDA,90,1,2.67
10031189,TRANSFORMER; DISTRIBUTION(RECOND)150KVA,90,1,1
10031190,TRANSFORMER; DISTRIBUTION(RECOND)200KVA,90,1,1
10031191,TRANSFORMER; DISTRIBUTION(RECOND)250KVA,90,1,1
10031192,TRANSFORMER; DISTRIBUTION(RECOND)500KVA,90,1,1
10031193,TRANSFORMER; DISTRIBUTION(RECOND)750KVA,90,1,1
10031194,TRANSFORMER; DISTRIBUTION(RECOND)1000KVA,90,1,1
10031196,TRANSFORMER; DISTRIBUTION(RECOND)15KVA,0,1,1
10031197,TRANSFORMER; DISTRIBUTION(RECOND)25KVA,90,0,1
10031198,TRANSFORMER; DISTRIBUTION(RECOND)400KVA,90,1,1
10031199,TRANSFORMER;DISTRIBUTION(RECOND)630KVA,0,1,1
10031673,"PLATE; COPPER 4""X4""X3/8""",90,0,898.14
10031692,AIR CONDITIONER; SPLIT 2 TON,40,1,66392.87
10031693,METER; ENERGY SINGLE PHASE 10-40A,0,1,1457.17
10031694,METER; ENERGY 3 PHASE 15-90A,0,1,2670.7
10031715,METER; ENERGY SINGLE PHASE (REFURBISHED),0,1,474.8
10031966,LUG; CU 16MM2 PALM HOLE DIA 6.4MM,90,0,62.35
10032110,"BRACKET;ANTIPERCHENT D/P 9.8' X 9.16""DIA",120,1,7800
10032117,BRACKET; ANTIPERCHENT S/P 2337X220MM,120,0,8968.07
10032118,BRACKET; PH HT CH.I 1610X210MM,120,0,6362.74
10032119,BRACKET; EARTH HT D/CHNL IRON 2516X220MM,60,0,9239.81
10032120,BRACKET; POLE STRAIGHT CH.I 440X204MM,60,0,1514.33
10032121,STRUCTURE; PMT COMPLETE FOR SPUN POLE,90,0,71311.74
10032210,METER;ENERGY S/P  (KUNDA REMOVAL) 10-40A,0,1,580.75
10032455,AIR CONDITIONER; SPLIT 1.5 TON,40,1,52738.22
10032566,METER; ENERGY C.T OPERATED 100/5A,90,1,5253.67
10032584,TRANSFORMER; DISTRIBUTION(RECOND)100KVA,90,1,1
10033013,GLOVE; RUBBER SURGICAL TYPE,60,0,27
10033237,SHIRT + TROUSER; XXL SIZE,90,0,1981
10033307,CAP; UTILITY FOR UNIFORM,90,0,258
10033552,CLAMP; DEAD END ANCHORING ABC HT,120,0,25531.58
10033553,BRACKET; DEAD END CLAMP ABC HT,120,1,4329.8
10033554,CLAMP; SUSPENSION FOR MV ABC HT,120,1,2722.32
10033555,BRACKET; SUSPENSION CLAMP ABC HT,120,1,2853.45
10033561,JOINT; S.T SINGLE CORE 185MM2 (ABC HT),120,1,12200
10033562,TERMINATION; END OUTDOOR S/CORE (ABC HT),120,0,2719.6
10033568,CABLE; AL LT PVC 2 CORE 16MM2 UN/ARM,80,1,54.68
10033681,SMART METER; ISK HTO RS 0.2 9003 NEW,120,1,162097.19
10033683,MODEM P2CC GSM/GPRS FOR AMR METER,120,1,37500
10033694,OPTICAL PROBES FOR ISKRA AMR METER,120,1,28500
10033707,LEAD; AL LT PVC INSULATED 120MM2,120,0,355.89
10033709,LUG; AL LT 120MM2,90,0,305
10033710,LUG; AL LT 185 MM2,90,1,264
10034093,"TIE; NYLON CABLE SIZE 10""",120,1,144
10034295,POLE; 2  DC MCB 16 A (01 NO + 01 NC),0,0,2525
10034311,POLE; 2 25A  DC MCB (01 NO + 01 NC),0,0,2525
10034504,SLEEVE; BUSBAR HEAT SHRINK 11KV,120,0,698.27
10035011,"RAG; COTTON 12""X12""",38,0,60
10035116,"TRANSFORMER; CURRENT, FOR OCB, 50/5/5A",0,1,20200
10035133,AIR CONDITIONER; SPLIT 1 TON,40,1,40837.44
10035313,JOINT; HT 300 MM2 PRE-MOULDED,120,0,56954.78
10036233,METER; STATIC SINGLE PHASE,150,0,3982.31
10036234,METER; STATIC THREE PHASE,150,0,20890.01
10036257,CABLE;COPPER PVC S/C XLPE  630 MM2 15 KV,60,1,19964.28
10036292,CLAMP; PG CU 120MM2,120,1,35000
10036321,SWITCH; DISCREPANCY,120,0,44650
10036331,"CLAMP;POLE GI LT CABLE(SPUN POLE)8.59""X4",90,0,2045
10036332,BRACKET; POLE C TYPE SPUN POLE 195MM,120,0,429.25
10036333,BRACKET; POLE C TYPE SPUN POLE 200MM,90,0,1000
10036334,BRACKET; POLE C TYPE SPUN POLE 175MM,120,0,647.55
10036335,"BRACKET; POLE A TYPE SPUN POLE 9 1/2""",120,0,1113.75
10036336,"BRACKET; POLE C TYPE SPUN POLE 9 1/2""",90,0,769.18
10036339,BOLT&NUT; MS CYCLE SCREW,80,1,3.82
10036351,CABLE; CU LT PVC 4CORE 10MM2 UNARM,80,0,938.38
10036540,CABLE; AL XLPE LT ABC 3X50+1X35+1X25MM2,90,0,759.03
10036541,LUG; BI-METALLIC (AL-CU) 70 MM2,120,0,278.21
10036542,LUG; BI-METALLIC (AL-CU) 50 MM2,120,0,347.11
10036543,CAP; CABLE END 50MM2,120,0,20.94
10036544,CAP; CABLE END 35MM2,120,0,20.93
10036545,CABLE; AL XLPE LT ABC 2X10 MM2,90,0,84.38
10036546,IPC; BI-METALLIC 50-95-MM2 TO 10-16MM2,120,1,127.36
10036553,CONNECTOR; PIERCING INSU 16 to 10-16 MM2,0,1,132.22
10036554,"BOLT&NUT; GI 2""X1/2"" W/WASHER",90,0,25.78
10036557,METER; STATIC LT C.T.O PROG.,90,1,13767.07
10036603,"NYLON CABLE TIES 10""",90,1,1.35
10036869,RACK; FOR 17 BOARDS CM-2835,0,0,104450
10036870,POWER SUPPLY; PS-5620,0,0,132598
10036882,"CABLE;PAIR PATCH TWISTED 3M TP-P03m,CAT5",120,0,9715.25
10036931,SMART METER;ISK HTO GPRS 0.5 9100 NEW,100,0,45077.93
10036932,METER;DIRECT ONLINE W/GPRS MODEM 3 PHASE,0,0,36344
10036988,FUSE; LINK DO CUTOUT HT 6A,120,0,207
10037134,PLUG; PATCH CM - 2860,90,0,966
10037480,TRANSFORMER;DISTRIBUTION(FAULTY) 10 KVA,0,1,1
10037481,TRANSFORMER;DISTRIBUTION(FAULTY) 15 KVA,0,0,1
10037482,TRANSFORMER;DISTRIBUTION(FAULTY) 25 KVA,90,1,1
10037483,TRANSFORMER;DISTRIBUTION(FAULTY) 50 KVA,0,0,1
10037484,TRANSFORMER;DISTRIBUTION(FAULTY) 100 KVA,90,0,1
10037485,TRANSFORMER;DISTRIBUTION(FAULTY) 150KVA,90,0,1
10037486,TRANSFORMER;DISTRIBUTION(FAULTY) 200 KVA,0,0,1
10037487,TRANSFORMER;DISTRIBUTION(FAULTY) 250 KVA,90,0,1
10037489,TRANSFORMER;DISTRIBUTION(FAULTY) 400 KVA,0,0,1
10037490,TRANSFORMER;DISTRIBUTION(FAULTY) 500 KVA,0,0,1
10037491,TRANSFORMER;DISTRIBUTION(FAULTY) 630 KVA,0,0,1
10037492,TRANSFORMER;DISTRIBUTION(FAULTY) 750 KVA,0,0,1
10037493,TRANSFORMER;DISTRIBUTION(FAULTY) 1000KVA,0,0,1
10037494,TRANSFORMER;DISTRIBUTION(FAULTY) 1500KVA,0,0,1
10037516,SHIRT; POLO SMALL,90,0,474.18
10037517,SHIRT; POLO MEDIUM,90,0,484.76
10037518,SHIRT; POLO LARGE,90,0,479.71
10037519,SHIRT; POLO EXTRA LARGE,90,0,489.65
10037520,SHIRT; POLO  X X L,90,0,430.01
10037521,SHIRT; POLO  X X X L,90,0,433.76
10038327,CABLE; CONTROL 4CORE 2.5 MM2,60,0,290.83
10039089,BSDG; DIGITAL AMMETER,0,0,22545.89
10041200,LUGS; TYPE O 6 X 6 MM,120,1,10
10041201,SLEEVE; INSULATED 6MM,120,1,10
10041202,SLEEVE; INSULATED 2.5MM,120,1,4
10041207,BOLT; ANCHOR 6MM,90,1,9
10043668,"CIRCUIT BREAKER; 1P, MCB 10 AMP",0,0,1805
10043827,SAFETY SIGN; DANGER + KEEP OUT,60,1,750
10043828,SAFETY SIGN; OF PPES,60,1,90
10043829,SAFETY SIGN; EMERGENCY EXIT,90,1,3000
10044468,LUG; BI-METALLIC (AL-CU) 35 MM2,120,0,177.01
10044469,LUG; BI-METALLIC (AL-CU) 25 MM2,120,0,166.87
10044470,CAPS; WIRE END 16MM2,0,1,47.58
10044504,LEAD; AL LT PVC INSULATED 300MMSQ,90,0,841.2
10044520,GLOVE; COTTON DOTTED,60,1,24.01
10044649,BUSBAR; LT AL 1050X90X6 MM (N) NEUTRAL,120,1,967.98
10044782,SHOE; SAFETY SIZE 38,105,0,1892.48
10044783,SHOE; SAFETY SIZE 39,105,0,1812.25
10044784,SHOE; SAFETY SIZE 40,105,0,2830.61
10044785,SHOE; SAFETY SIZE 41,105,0,2846.41
10044786,SHOE; SAFETY SIZE 42,105,0,2844.87
10044787,SHOE; SAFETY SIZE 43,105,0,2845
10044788,SHOE; SAFETY SIZE 44,105,0,2733.52
10044789,SHOE; SAFETY SIZE 45,105,0,2832.91
10044790,SHOE; SAFETY SIZE 46,105,0,1650.17
10045252,BOARD; CONNECTION FOR CP-2012 (CM-2838),0,0,11422.5
10045593,NUT; LT ROD 500-750 KVA TRANSFORMER,90,1,1
10045602,NUT; LT Rod 1000 KVA TRANSFORMERS,0,1,1
10045613,CLAMP; LT FOR TRANSFORMER 500-750KVA,90,1,1
10045614,CLAMP; LT FOR TRANSFORMER 1000-1500KVA,0,1,1
10045865,CABLE; FLEX PVC 4CORE 4MM,60,0,503.71
10045870,LUGS; TYPE O 6 x 10 MM,120,1,9.99
10045873,PLUG; RAWAL PVC 6MM,90,1,1.08
10045892,AIR CONDITIONER; FLOOR MOUNTED 4 TON,40,1,119500
10046065,BOX; ENERGY METER LT ABC (900X630MM),90,1,7593.9
10046945,CABLE; CONTROL PVC 4 CORE 4MM2,60,0,163.5
10046948,CABLE; CONTROL PVC 7 CORE 2.5 MM2,90,1,491.55
10081731,BREAKER; LT 400A W/O BOX,0,1,16380.36
10082492,PT; 11 KV/110V VCB TYPE,90,0,2100
10085571,SMART METER; ISK DOL3P GPRS 1.0 9100 NEW,180,0,34110.22
10085812,FIBER OPTIC;50M CABLE MULTIMODE,120,0,72057
10085925,BREAKER; LT 250A WITH BOX,0,1,22225.51
10086555,BREAKER; LT 40A WITH BOX,0,1,7237.72
10087440,"POLE; REFURBISH LT ST 31' x 4-1/2""",0,1,1
10087445,TRANSFORMER; CURRENT 300/5  11KV VCB,90,1,16666.66
10088271,BENCH; HEAVY DUTY WOODEN WORKING 8x2.5x3,0,0,48600
10088272,BENCH; HEAVY DUTY WOODEN WORKING 6x2x3,0,0,10088272
10088836,"LUG; O-TYPE HOLE Ø 6 MM,",120,1,2.85
10089535,BREAKER; LT 80A WITH BOX,0,1,7964
10089536,BREAKER; LT 160A WITH BOX,0,1,9100
10089815,CABLE; CU LT PVC 4 CORE 10MM2 ARM,80,0,892.35
10089816,CABLE; CU LT PVC 4 CORE 25MM2 ARM,80,1,985.81
10089817,CABLE; CU LT PVC 4 CORE 50MM2 ARM,90,0,1782
10089818,CABLE; CU LT PVC 4 CORE 95MM2 ARM,90,1,3445
10089819,CABLE; CU LT PVC 4 CORE 150MM2 ARM,150,1,5150
10089821,CABLE; CU LT PVC 4 CORE 25MM2 UN/ARM,80,1,839.48
10090692,TRANSFORMER; CURRENT LT 1200/5A,120,0,3153.04
10091269,SMART METER; ISK DOL1P GPRS 1.0 9100 NEW,90,1,22419
10091532,CLAMP; DEAD END/ANCHOR (LT ABC),120,0,1091.01
10091728,SMART METER;HLY DOL3P GPRS 1.0 9100 NEW,120,0,20500
10091729,SMART METER;HXG DOL3P GPRS 1.0 9100 NEW,100,0,31287.92
10091734,MODEM; IMS/GPRS,120,1,6984
10091735,MODEM; KBK/GPRS,120,1,7703
10091736,PROBE; IMS/OPTICAL,120,0,0.1
10091747,CONNECTOR; PIERCING INSU 16-95/04-35 MM2,150,0,331.38
10091748,CONNECTOR; PIERCING INSU 25-95/25-95 MM2,120,0,473.37
10091924,PLUG; UNIVERSAL (BOARD) 10A,0,1,147.75
10091927,HXDT3000 DTU WITH CABINET,120,1,616613
10091934,HXDT3000-PT WITH PT SUPPLY(15KV) ,120,1,21704
10091935,HXDT3000 PT W/MOUNTING KIT (10KV),120,1,59195
10091937,HXDT40-A (LPK-A) OVERHEAD TYPE FCI,120,1,10359.09
10091938,HXDT40-C (LPK2-C) CABLE TYPE FCI,120,1,15539
10091939,HXDT40-E (LPK-E) OVERHEAD TYPE FCI,120,1,15539
10091940,HXDT40-A DATA COLLECTR W/C/RF MOD&ADPTER,120,1,112726
10092088,FUSE; LINK DO CUTOUT HT 3A,120,0,362.77
10092104,ACCESSORY; RMU BOOTS HSAB2,160,0,12185.88
10092237,CABLE;XLPE 1CORE 630MMSQ  8.7/15KV,0,0,3580
10092261,"KIT TERMINATION;1CORE,630MMXLPE/8.7/15KV",60,1,10182.32
10092279,"PT;11000/110V FOR OCB,DRY TYPE  MAKE J&P",122,1,95000
10093597,GLOVE; RUBBER SAFETY 11KV CLASS:2 SIZE 9,130,0,6913.96
10093598,GLOVE;RUBBER SAFETY 11KV CLASS:2 SIZE 10,130,0,6987.66
10093599,GLOVE;RUBBER SAFETY 11KV CLASS:2 SIZE 11,130,0,15852.17
10094526,SMART METER;ISK CTO GPRS 0.5 9100 NEW,180,0,119611.77
10094527,"SHEET; FOR ALL PLANE GASKET 501, U#4",30,0,1994
10094923,"CABLE; CAT -5, 4 PAIR",90,0,157
10094977,CARTRIDGE; FUSE 100A PORCELAIN DO CUTOUT,120,1,1725
10094978,CARTRIDGE; FUSE 100A POLYMER DO CUTOUT,140,0,1596
10095145,"CABINET;PT AND PT SUPPLY 550X877X900""",120,1,92626.46
10095583,TAPE; BARRICADING WIDTH 250 MM,60,0,14.55
10095594,CONNECTION CHAMBER; CABLE RISER,60,0,438000.5
10095866,RELAY;NUMERIC FOR11KV FEEDER PANEL IN SS,0,1,110377.01
10097132,CONNECTOR; PIERCING INSU HT 185 to 95MM2,120,1,889.52
10097265,BOX; BREAKER LT TYPE-1 FOR 40A TO 250A,90,0,7663.04
10097266,BOX; BREAKER LT TYPE-2 FOR 300A TO 400A,90,0,13365.14
10097267,BOX; BREAKER LT TYPE-3 FOR 630A TO 800A,90,0,15686.56
10097270,BREAKER; LT 40A WITH METAL PLATE,140,0,8119.55
10097271,BREAKER; LT 80A WITH METAL PLATE,140,0,14546.93
10097272,BREAKER; LT 160A WITH METAL PLATE,140,0,19742.49
10097273,BREAKER; LT 200A WITH METAL PLATE,140,0,16834.59
10097274,BREAKER; LT 250A WITH METAL PLATE,140,0,15086.75
10097275,BREAKER; LT 300/315A WITH METAL PLATE,120,0,23614.88
10097276,BREAKER; LT 400A WITH METAL PLATE,140,0,49697.88
10097277,BREAKER; LT 630A WITH METAL PLATE,120,0,47671.04
10097278,BREAKER; LT 800A WITH METAL PLATE,140,0,108500
10097991,CUT OUT; DO POLYMER TYPE 100A 11KV,120,0,17662.45
10097997,"CABLE; CU 48VDC 3Core x 4MM, ARMOURED",120,0,695
10098041,AUTOCLAM; EARTHING 18APK SHORT& GROUND,120,0,204861.54
10098043,SHOE; GUM BOOT (RAIN) SMALL,71,1,510
10098284,HELMET; SAFETY WHITE COLOR W/ CHINSTRIP,100,0,510
10098345,CARD; MASTER CP 2014,120,0,468548.01
10098346,CARD; COMMUNICATION CP 2017,0,0,243502
10098347,TRANSDUCER; SICAM T DIGITAL MEASUREMENT,0,0,165000
10098377,CABLE; AL HT XLPE 3 CORE 400MM2,90,0,11821.3
10098379,SAW; PRUNING WITH STEEL HANDLE 565MM,120,1,1236.75
10098380,"HANDLE; STEEL 96"" TELESCOPIC",90,1,1746
10098468,LUG; AL 16MM2 FOR EARTHING,90,0,19
10098664,VCB; 11KV 630A CT400/5/5 CASSETTE TYPE,120,0,2550000
10098665,VCB; 11KV 630A CT300/5/5 CASSETTE TYPE,120,1,1242714.28
10098667,VCB; 11KV 630A CT100/5 CASSETTE TYPE,120,0,2095935.46
10098668,VCB; 11KV 630A CT100/5/5 CASSETTE TYPE,120,0,2509807.69
10098670,VCB; 11KV 630A CT50/5 CASSETTE TYPE,120,1,1001495.37
10098671,VCB; 11KV 630A CT200/5/5 CASSETTE TYPE,120,1,1244750
10098672,VCB; 11KV 630A CT400/5 CASSETTE TYPE,120,0,2207281.02
10098677,VCB; 11KV 630A CT50/5/5 CASSETTE TYPE,120,1,1248000
10098754,TRANSFORMR;CURENT 11KV 100/5A VCB W/PALM,90,0,26000
10098757,TRANSFORMR;CURENT 11KV 400/5A VCB W/PALM,90,0,21650
10098847,TRANSFORMER; CURRENT 11KV 400/5/5A OCB,90,1,25000
10098850,TRANSFORMER;CURRENT 11KV 50/5/5 VCB PALM,90,0,24500
10098851,TRANSFORMER;CURRENT 11KV100/5/5 VCB PALM,90,0,31476.41
10098852,TRANSFORMER;CURRENT 11KV200/5/5 VCB PALM,90,0,26974.02
10098853,TRANSFORMER;CURRENT 11KV300/5/5 VCB PALM,90,0,21950
10098854,TRANSFORMER;CURRENT 11KV400/5/5 VCB PALM,90,0,29000
10098855,TRANSFORMER;CURRENT 11KV600/5/5 VCB PALM,90,1,25000
10098857,TRANSFORMER;CURR 11KV 50/5/5 VCB W/OPALM,90,1,22220
10098865,PMU; 500KVA WITH RMU (1x630 & 3x250A CB),130,0,11848000
10098866,PMU; 500KVA WITH RMU (1x800 & 2x400A CB),180,0,7738983.99
10099375,RELAY; FINDER INTERPOSING 48VDC,0,0,3000
10099378,RELAY; FINDER DECOUPLING 220VDC,0,0,2500
10099379,BUSBAR ARRANGEMENT; PMT WITH PG CLAMP,150,0,46768.24
10099406,BOX; ENCLOSURE SCADA ADAPTATION EQUIPPED,622,0,450000
10099410,"VCB; 11KV, 630A CT 50/5,W/PROT",95,1,876665
10099411,"VCB; 11KV, 630A CT 100/5,W/PROT",120,1,809900
10099412,"VCB; 11KV, 630A CT 300/5,W/PROT",140,1,700000
10099413,"VCB; 11KV, 630A CT 400/5,W/PROT",95,1,990000
10099414,"VCB; 11KV, 630A CT 50/5/5,W/PROT,W/MET",95,1,1016146.41
10099415,"VCB; 11KV, 630A CT 100/5/5,W/PROT,W/MET",120,1,1132333.34
10099417,"VCB; 11KV, 630A CT 200/5/5,W/PROT,W/MET",90,1,979642.86
10099418,"VCB; 11KV, 630A CT 300/5/5,W/PROT,W/MET",120,1,979500
10099419,"VCB; 11KV, 630A CT 400/5/5,W/PROT,W/MET",95,1,933485.72
10099452,"OCB TROLLEY 11KV/400A, J&P REF/FAUL",0,0,1
10099455,"OCB TROLLEY 11KV/400A, FICO REF/FAUL",0,0,1
10099458,"VCB TROLLEY 11KV/800A, SIEMENS SB REF/FA",0,0,1
10099459,"VCB TROLLEY 11KV/630A, AREVA SB REF/FAUL",0,0,1
10099462,"ISOLATOR; 11KV, J&P REF/FAUL",0,0,1
10099466,RMU; 3-WAY AIR INSULATED REF/FAUL,0,0,1
10099471,CABLE; AL LT XLPE 2 CORE 10MM² (ARM),100,1,120
10099475,CABLE; AL LT XLPE 4 CORE 16MM² (ARM),100,0,553.83
10099477,CABLE; AL LT XLPE 4 CORE 35MM² (ARM),120,0,982.57
10099479,CABLE; AL LT XLPE 4 CORE 70MM² (ARM),120,0,1000
10099480,CABLE; AL LT XLPE 4 CORE 95MM² (ARM),120,0,2034.01
10099482,CABLE; AL LT XLPE 4 CORE 150MM² (ARM),120,0,3323.14
10099485,CABLE; AL LT XLPE 4 CORE 300MM² (ARM),100,0,5490.64
10099946,SWITCH; LBS 11KV SF6 INSULATED POLEMOUNT,140,0,437874.68
10099953,TUBE;HS 11KV FOR 4SWG HDBC(CAMBRIC LEAD),120,0,743.95
10099990,BRACKET; ARM YELLOW PHASE 3200x140MM,90,0,12000
10100065,RMU; 3-WAY WITH 2 SIDE PROTECTION,180,0,4292936.37
10100191,RMU; 3-WAY WITH 1 SIDE PROTECTION,120,1,1255391.38
10100293,ETHERNET; NETWORK INTERF SM-2558 10/100T,0,0,99436.5
10100295,CONNECTION; BOARD CM-2839 COMMUNICATION,274,0,794631.52
10100326,KNIFE; CUTTER WITH 3 BLADE,150,0,1810.83
10100339,TORQUE WRENCH 40-200NM W/SOCK SET 10-25,60,0,2000
10100348,SCREW DRIVER; CROSS SLOTTED 8'',90,0,774
10100349,SCREW DRIVER; CROSS SLOTTED 10'',90,0,1087
10100350,SCREW DRIVER; CROSS SLOTTED 12'',90,0,1536
10100356,"BIN; PLASTIC HD, SIZE 1'x2'x1' (HxWxL)",0,0,2079
10100372,FILE; FLAT 3 CUT 12'',90,0,1905.75
10100571,JOINT; HT 400 MM2 PRE-MOULDED,90,0,7417
10100572,TERMINATION; OUT DOOR FOR 400MM2 CABLE,150,0,8247.5
10100573,TERMINATION; INDOOR FOR 400MM2 CABLE,150,0,6941.29
10100574,GLOVE; LEATHER ARTIFICIAL,60,0,440
10100643,"LOCK; MASTER WITH KEY, BLUE",60,0,822.04
10100644,"LOCK; MASTER WITH KEY, YELLOW",60,0,561.88
10100645,"LOCK; MASTER WITH KEY, SILVER",60,0,440
10100646,"LOCK; MASTER WITH KEY, GREEN",60,0,558.83
10100806,LAMP; TEST FOR 240V,90,0,2418
10101073,LIGHT; LED 200W FLOODLIGHT,0,1,17280
10101255,U BOLT; CLAMP FOR PMT STRUCTURE,90,0,560.19
10101872,"CLAMP; GI, 85MM, FOR CROSSING LEAD",120,0,841.91
10101873,"PIPE; PVC 6'' Ø, FOR CROSSING LEAD",120,0,3119.61
10101991,"BOX; JUNCTION, LARGE, BUSBAR, MULTISTORY",60,0,36370.53
10101992,"BOX; JUNCTION, SMALL, BUSBAR, MULTISTORY",60,0,11505.46
10102022,"COVER; PROTECTION FOR HT BUSHING, PMT",140,0,2028.04
10102023,COVER; PROTECTION LT BUSHING UPTO 200KVA,140,0,2660.82
10102024,BOX;FEEDER PILLAR POLYMER W/LT BREAKER,120,1,332361.11
10102026,BOX;FEEDER PILLAR POLYMER W/HRC FUSE PRO,160,0,330000
10102093,CONDUCTOR; XLPE COVERED ACSR DOG,90,0,375
10102094,CONDUCTOR; XLPE COVERED ACSR TIGER,90,0,573.25
10102095,CONDUCTOR; XLPE COVERED ACSR LYNX,90,1,288
10102096,SPLICE; ACSR GOPHER CONDUCTOR,120,1,1000
10102097,SPLICE; ACSR RABBIT CONDUCTOR,120,1,1200
10102098,SPLICE; ACSR DOG CONDUCTOR,120,1,1600
10102104,SPLICE; 3/0 SWG CU STRANDED CONDUCTOR,120,0,5000
10102135,GLOVE; 11KV LEATHER PROTECTIVE SIZE 9,60,0,721.95
10102136,GLOVE; 11KV LEATHER PROTECTIVE SIZE 10,60,0,685.65
10102383,SHOE; GUM BOOT (RAIN) MEDIUM,71,1,510.65
10102978,LIFTING BELT; 1 M  2 TON 40 MM,0,0,1600
10103073,GLOVE; 11KV LEATHER PROTECTIVE SIZE 11,87,0,699.09
10103234,"LAMP; HEAD, LED FOR SAFETY HELMET",90,0,800
10103240,"MODULE; FOR MT 880, MODEL CM V3",130,0,12573
10103243,VCB; OUTGOING 15 KV CASSETTE TYPE 1250A,374,0,5106000
10103269,PLANT; LV PFI 300KVAR FOR 500KVA DT,120,0,677000
10103270,PLANT; LV PFI 400KVAR FOR 750KVA DT,120,1,1005000
10103271,PLANT; LV PFI 500KVAR FOR 1000KVA DT,120,0,1259952.39
10103581,CONNECTOR; IPC HT 150-240/150-240 MM2,150,0,2801.84
10103582,CONNECTOR; IPC HT 95-240/50-185 MM2,120,0,2029.69
10103583,CLAMP;DEADEND HT FOR XLPE CVRD CONDUCTOR,120,0,1568.19
10103871,COAT; RAIN XL SIZE,90,0,1293.82
10105736,CONNECTOR; PALM BRAS (500~750 KVA),120,0,2600
10105975,BOX; POLYMER REINFO 4WAY LT PANEL 500KVA,120,1,483937.5
10105976,BOX; POLYMER REINFO 8WAY LT PANEL 750KVA,120,1,1125632
10105977,BOX;POLYMER REINFO 8WAY LT PANEL 1000KVA,120,1,600000
10106724,MODULE; ABB COMMUNICATION,120,0,2820676.96
10106727,"BREAKER; DC WITH AUX(2NO+2NC)2P,6A",0,0,7000
10106728,"BREAKER; DC WITH AUX(2NO+2NC)2P, 10A",0,0,7000
10107013,WHEEL; MEASURING,90,0,5128
10107120,"CHARGER; BATTERY, EBC1210-911-122-0564",0,0,5000
10107122,FILTER; AIR AF25904,0,0,5300
10107123,FILTER; FUEL FS1280,0,0,1200
10107124,"TAPE; ANTI CORROSIVE, INNER, ST POLE",120,1,66.66
10107125,"TAPE; MECHNICL PROTCTON, OUTER, ST POLE",120,1,50.55
10107463,CLIP; CHINA 12MM,120,0,3.11
10107464,CLIP; CHINA 10MM,120,1,1.2
10107500,"CLEAT; WOODEN, SUBSTATION 500MMx950MM",150,0,4476.98
10107721,"STRUT UNIT FOR LT ST POLE 31'x5-1/2""",0,0,15000
10107820,"BENCH; WOODEN, SIZE 72''x16''x36''",0,0,6795
10107853,TRANSFORMER; POTENTIAL 11KV/RT3 110V/RT3,90,0,25000
10107950,"BRACKET; A-TYPE 7"", GI, SPUN POLE",120,0,652.46
10107951,"BRACKET; C-TYPE 7"", GI, SPUN POLE",120,0,655.91
10107952,"U-CLAMP; 180x140MM, GI, SPUN POLE",90,0,550
10108074,"SWITCH, OCB, 11KV, J&P REF/FAUL",0,0,1
10108076,"PANEL; VCB 11KV, SIEMENS W/P REF/FAUL",120,0,1
10108130,"STRUT; UNIT, SPUN POLE  LT SIZE 31’",90,0,33722.4
10108131,CLAMP; SPUN POLE LT SIZE 7”,120,1,622.28
10108145,"SONDA; 5 PROBE, ISKRA DOL METER",130,0,30000
10108146,ANTENNA; GPRS MODEM M880 METER,130,1,2470
10108247,"SHOE; GUM BOOT, RAIN, SMALL SIZE 38",87,0,691.27
10108248,"SHOE; GUM BOOT, RAIN, SMALL SIZE 39",87,0,1649.75
10108249,"SHOE; GUM BOOT, RAIN, SMALL SIZE 40",87,0,1846.58
10108250,"SHOE; GUM BOOT, RAIN, MEDUIM SIZE 41",87,0,2915.26
10108251,"SHOE; GUM BOOT, RAIN, MEDUIM SIZE 42",87,0,2943.69
10108252,"SHOE; GUM BOOT, RAIN, MEDUIM SIZE 43",87,0,2941.23
10108253,"SHOE; GUM BOOT, RAIN, LARGE SIZE 44",87,0,2984.17
10108254,"SHOE; GUM BOOT, RAIN, LARGE SIZE 45",87,0,1507.74
10108255,"SHOE; GUM BOOT, RAIN, LARGE SIZE 46",87,0,510
10108256,"BOX; PT CHAMBER, OCBS, WITH 3# PTS",90,0,99000
10108257,"BOX; PT CHAMBER, OCBS",60,0,15000
10108300,TRANSFORMER; DIST DRY TYPE 250KVA (CU),120,0,2000000
10108302,TRANSFORMER; DIST DRY TYPE 750KVA (CU),120,0,4666597.42
10108303,TRANSFORMER; DIST DRY TYPE 1000KVA (CU),120,0,5137828.04
10108351,"VCB; 11 KV, 630A CT 600/5A MODIFIED",0,0,915523.82
10108355,"VCB; PANEL OUTGOING, 15KV 1250A 8BD4",150,1,2465000
10108377,IPC GROUNDING; O/H HT XLPE 35MM~120MM,120,1,1696.96
10108378,IPC GROUNDING; O/H HT XLPE 150MM~240 MM,90,1,1400
10108379,HOT STICK; 11KV TELESCOPIC LINK,120,0,100000
10108437,"VCB; PANEL OUTGOING, 15KV 1250A WKC",120,0,1445000
10108480,TROLLEY; 1000KVA MOBILE SS W/O TRAFO,120,0,4100000
10108481,COVER;SILICON FOR11KVCOND.DIA ABOVE 10MM,120,1,2200
10108557,"GRIP; WIRE, COME ALONG, XLPE CONDUCTOR",90,0,12126
10108564,LIGHT; EMERGENCY LED RECHARGEABLE DP 714,90,0,639.94
10108566,BLADE; MAKITA CUTTER 2107-F,0,1,1700
10108567,"CUTTER; 30"" WIRE STEEL BOLT CHAIN LOCK",90,1,6909.35
10108572,"TRANSFORMER; DISTRIBUTION 3Ø, 250KVA KE",0,0,444513.52
10108574,"TRANSFORMER; DISTRIBUTION 3Ø, 500KVA KE",0,1,700000
10108651,"RMU; GIS SF6, REF/FAUL",0,0,1
10108656,"CUTTER; KNIFE, (RAPY)",0,0,1045
10109331,AUTOCLAM; EARTHING LT SHORT& GROUND,120,1,175000
10109498,HANDLE; J&P OCB SWITCH TROLLY CHARGING,120,0,1350
10109499,HANDLE; J&P OCB SWITCH TROLLY LOWER & UP,120,0,2000
10109540,HANDLE; FICO OCB TROLLY LOWER AND UP,120,0,3300
10109541,HANDLE; FICO OCB CHARGING,120,0,2000
10109542,HANDLE; SCHNEIDER VCB CHARGING,60,0,1800
10109543,HANDLE; FICO VCB CHARGING,60,0,2000
10109544,HANDLE; FICO VCB RACK IN AND RACK OUT,60,0,1750
10109545,HANDLE; SCHNEIDER VCB RACK IN & RACK OUT,60,0,2000
10109546,HANDLE; SCHNEIDER VCB EARTHING SWITCH,60,1,1800
10109548,HANDLE; SIEMENS VCB CHARGING,60,0,2000
10109549,HANDLE; SIEMENS VCB RACK IN AND RACK OUT,60,0,2000
10109550,HANDLE; SIEMENS VCB EARTHING SWITCH,60,0,2000
10109554,HANDLE; AREVA VCB CHARGING,60,0,1800
10109555,HANDLE; AREVA VCB RACK IN AND RACK OUT,60,0,1800
10109565,HANDLE; SCHNEIDER CASETE TYP VCB CHARGNG,60,0,2000
10109566,HANDLE; SCHNEIDER CASETE TYP VCB RACK IN,60,0,2000
10109567,HANDLE; LUCY DOUBLE PROTECTED RMU,120,0,7700
10109568,HANDLE; LUCY RMU,120,0,7700
10109570,HANDLE; AEG RMU,120,1,1650
10109571,HANDLE; MAQ SIEMENS RMU,120,0,3000
10109572,HANDLE; J&P RMU,120,1,1350
10109573,HANDLE; SIEMENS SF6  RMU,120,0,3200
10109574,HANDLE; GEC SIEMENS RMU,120,1,3200
10109579,HANDLE; OPERATING KNIFE SWITCH,120,1,1300
10109866,PANEL; VCB 11KV AREVA W/P REF/FAUL,120,0,295101.92
10110074,SWITCHGEAR; O/G METALCLAD 17.5KV GSMSPEC,374,1,4536910
10110170,RMU; WITHOUT PROTECTION LUCY REF/FAUL,0,1,1
10110172,PANEL; OCB 11KV PEL REF/FAUL,120,1,1
10110507,BREAKER; LT W/BOX 400A REF/FAULTY,0,1,1
10110893,COVER; PROTECTION LT BUSHING 500KVA PMT,140,0,4347.54
10110894,COVER; PROTECTION LT BUSHING 250KVA PMT,140,0,2761.15
10110911,SCREW DRIVER; FLAT FULLY INSULATED 8”,120,0,1662.78
10110912,SCREW DRIVER; FLAT FULLY INSULATED 10”,120,0,2449.44
10110926,"SCREW DRIVER; PHILIPS FULLY INSULATED 6""",120,0,1566.06
10110927,"SCREW DRIVER; PHILIPS FULLY INSULATED 8""",120,0,4427.21
10112410,CONNECTOR; CAT6 RJ45,90,0,200
10112590,GLOVE; WORKING SIZE SMALL,50,0,979.34
10112591,GLOVE; WORKING SIZE MEDIUM,50,0,980.06
10112592,GLOVE; WORKING SIZE LARGE,50,0,968.27
10112593,GLOVE; WORKING SIZE LARGE X,50,0,998
10112634,COVER;BACK MS;LUCY GIS RMU 590*455*310MM,90,0,4244.81
10112635,COVER;SIDE MS;LUCY GIS RMU 590*455*180MM,90,0,3599.59
10112670,BOX; JOINT; HT HS 400 MM2,100,0,21142.62
10112997,BREAKER; LT W/PLATE 400A REF/FAULTY,0,1,1
10112998,BREAKER; LT W/PLATE 800A REF/FAULTY,0,1,1
10113181,EARTH FAULT DETECTION DEVICE A-ISOMETER,120,0,500000
10113278,POLE CLAMP 8 ½” X 5” FOR HT CABLE,90,0,2812.25
10113279,POLE CLAMP 8 ½” X 4” FOR LT CABLE,90,0,2418.71
10113807,CABLE; CAT6 INDUSTRIAL ETHERNET,90,0,40
10113815,TERMINATION; LT 95 MM2,0,0,3600
10113816,TERMINATION; LT 150 MM2,120,0,8751.5
10113818,TERMINATION; LT 300 MM2,120,0,15652.5
10113822,JOINT; LT 95 MM2,0,0,4000
10113825,JOINT; BOX CU LT ST 300MM2,120,1,5500
10113827,RMU; 4-WAY WITH 2 SIDE PROTECTION,120,0,5075507.24
10114189,CLAMP; AL PG SIZE UNIVERSAL,120,0,661.07
10114202,CLAMP; PG CU SIZE UNIVERSAL,90,0,3538.08
10114430,CARD; MASTER CP-2016 (RTU),120,0,2383365.6
10115257,PANEL; ADAPTOR 2500A CASSETTE TYPE,374,0,792000
10115491,WIRE; 7/3.25MM-10MM DIA GALVANIZ STEEL,110,0,157.42
10115513,ROD; 3000X16MM GROUNDING GALVANIZED MS,120,0,1940.92
10115514,U-CLAMP; GROUNDING GALVANIZED MS (SET),130,0,187.49
10115742,ADAPTER; LC ST FOR FIBER OPTIC CABLE,90,0,4500
10116071,PLATE; GI 1.5”x10” LT POLE ID,120,0,151.32
10116161,BAR; GI EARTHING DISTRIBUTION,90,0,485.44
10116204,INSULATOR; STAY WIRE,110,0,1301.23
10116430,BUSBAR; VCB SE PIX M/CONTACT  900*40MM,0,0,13000
10116431,BUSBAR; VCB SE PIX M/CONTACT Y 830*40MM,0,0,12000
10116432,BUSBAR; VCB SE PIX M/CONTACT  B 760*40MM,0,0,11000
10116491,PANEL; MV CABLE CONNECTION NXAIR SIEMENS,150,0,1392000
10116504,"CP-2019, CARD",120,0,2078523.51
10116563,"BREAKER; DC WITH AUX(2NO+2NC)2P, 6A",0,0,19410
10116960,"INSULATOR; LT ABC FOR D-CLAMP 3-1/2""",120,1,1284.42
10117346,CABLE; AL XLPE LT ABC 1X16 MM2,90,0,60.32
10117443,BUSBAR; COUPLE VCB SE PIX,0,0,1762.64
10118010,CONVERTER; EHTERNET TO FO,90,0,228000
10118067,MARSHALLING; SYSTEM IEC 61850,0,0,7000
10118107,"BRACKET; SINGLE CROSS ARM(E+PH), ST POLE",120,0,21037.79
10118197,MASK; SURGICAL,0,1,46.93
10118276,PLATE; GI 1.5”X10” HT POLE ID,120,0,135
10118402,INSULATOR;LT ABC FOR D-CLAMP (ALL SIZES),90,0,642.47
10118525,MCB; 2 POLE 32 A,0,0,2500
10119044,MASK; COTTON WASHABLE,90,0,49.16
10119054,CLAMP; ANCHOR WITHOUT BRACKET,120,0,244.15
10119318,PANEL; B/C MV 2500A CASSETTE TYPE W/BBP,297,0,7200000
10119319,PANEL; O/G MV 1250A CASSETTE TYPE W/BBP,90,0,5782873.72
10119332,UNIT; POWER MEASURING METSEP,0,0,350000
10119380,PANEL; CAP MV 1250A CASSETTE TYPE W/BBP,390,0,3770800
10119395,CENTRAL; PROCESSOR CP 2014,120,0,468548.01
10119398,"RACK; AK-3, CM 2847",0,0,500000
10119485,HS JOINT; LT AL ST 16MM2,120,0,3000
10119486,HS JOINT; LT AL ST 35MM2,120,0,3500
10119487,HS JOINT; LT AL ST 95MM2,90,0,4000
10119488,HS JOINT; LT AL ST 150MM2,90,0,4500
10119489,HS JOINT; LT AL ST 300MM2,90,0,5000
10119490,TERMINATION; LT 16 MM2 (BIMETALLIC LUG),90,0,4197.99
10119491,TERMINATION; LT 35MM2 (BIMETALLIC LUG),90,0,4432.43
10119492,TERMINATION; LT 95 MM2 (BIMETALLIC LUG),90,0,5180
10119493,TERMINATION; LT 150 MM2 (BIMETALLIC LUG),90,0,7005.53
10119494,TERMINATION; LT 300 MM2 (BIMETALLIC LUG),90,0,7904.16
10119640,CEMENT; SULPHATE RESISTANT SRC,90,0,12.31
10119666,PMU;500KVA WITH FUSE PROT(1X800&2X400CB),120,0,2245000
10119784,MASK; PRO W/OUT CENTER SEAM,60,1,92.14
10120304,LEAD; AL LT PVC INSULATED 16MM2,120,0,12
10120305,LEAD; AL LT XLPE INSULATED 50 MM2,90,1,102.51
10120306,LEAD; AL LT PVC INSULATED 95MM2,120,0,212.09
10120307,LEAD; AL LT PVC INSULATED 25MM2,120,0,18
10120308,LEAD; AL LT XLPE INSULATED 120 MM2,90,0,354.4
10120309,LEAD; AL LT PVC INSULATED 35MM2,120,0,93.38
10120350,LEAD; AL LT PVC INSULATED 50MM2,120,0,113.3
10120351,LEAD; AL LT XLPE INSULATED 240 MM2,90,1,600.5
10120352,LEAD; AL LT XLPE INSULATED 70 MM2,90,1,126
10120353,LEAD; AL LT PVC INSULATED 70MM2,120,0,228.46
10120528,LUG; BI-METALLIC 120 MM2,150,0,645.69
10120529,LUG; BI-METALLIC 240 MM2,150,0,960
10120675,COVER: FOR DO CUTOUTS,120,0,8532.62
10120791,BEND; STRIP FOR DISC INSULATOR,90,0,267.03
10120892,PANEL; LT 4-WAY METAL ENCLOSURE 500KVA,120,0,1010000
10120893,PANEL; LT 8-WAY METAL ENCLOSURE 1000KVA,120,0,1665000
10120894,BOX; SMALL MSBB OUTDOOR MILDSTEEL,90,0,13000
10120897,SWITCH;11KV ARC STRANGLER 200A (PMU),120,0,46552.57
10120900,RMU; 5-WAY WITH 4 SIDE PROTECTION,160,0,4600000
10120901,RMU; EXTENSIBLE PROTECTION UNIT (LUCY),180,0,1073033.73
10120902,RMU; EXTENSIBLE METERING UNIT (LUCY),180,0,1135467.41
10120922,BOX;ANTI-THEFT A TYPE FOR 4X120MM2 CABLE,90,0,67620.78
10120923,BRACKET; SINGLE POINT FOR ANCHOR CLAMP,120,0,144.03
10121183,RING; GROUNDING HT IPC XLPE CONDUCTOR,120,0,324.4
10121334,"JOINT; COLD SHRINK HT 15KV, 300MM2",120,0,45712.59
10121470,"SWITCH; ETHERNET, PORTABLE MANAGED",120,0,250000
10121682,"PANEL;INCOMING, 15KV CASSETTE TYPE 4000A",150,0,10627990.88
10121781,SWITCH; PORTABLE 4 PORT EHTERNET RMC-40,120,0,233700
10121785,END CAP; FOR LYNX XLPE CONDUCTOR,90,0,53.13
10121786,TIE; PIN INSULATOR FOR COVERED CONDUCTOR,150,0,777.87
10121788,END CAPS; FOR XLPE COVERED CONDUCTOR,150,0,66.99
10122864,BLOCK; RC FOR 400A MCCB,90,0,8000
10124645,CUBICLE; HT METERING WITH CT100/5/5A,120,0,597000
10124646,CUBICLE; HT METERING WITH CT400/5/5A,150,0,597000
10125602,"THERMOSTAT;  KDâ€”WNL, FENGQIAO,CHINA",0,0,80000
10125612,"CORD; FO PATCH, LCLC MM 100M",120,0,37143
10125747,BOX; PMT CHAMBER (ATB FOR SPUN POLE),120,0,9000
10125748,BOX; FUSE ICTP 400A LT DB (SPUN POLE),120,0,12000
10125749,BOX; FUSE ICTP 200A/300A DB (SPUN POLE),120,0,10000
10125750,BOX; BREAKER TYPE-2 300-400A(SPUN POLE),120,0,6000
10125751,BOX; BREAKER TYPE-3 630-800A(SPUN POLE),120,0,7000
10125752,BOX; BREAKER TYPE-1 40-250A(SPUN POLE),120,0,5000
10125753,BOX; FUSE ICTP 100A LT DB (SPUN POLE),120,0,5000
10125805,U BOLT; CLAMP FOR PMT,60,0,332.79
10125819,EFI ENCLOSURE; FOR HT SPUN POLE,0,0,3000
10126035,MARSHALLING; SYS  FO SAS,0,0,7975730
10126036,MARSHALLING; SYS MINI FO SAS,180,0,7586670
10126037,MARSHALLING; SYS CONV,0,0,12838980
10126038,MARSHALLING; SYS MINI CONV,120,0,10504620
10126039,GPS LANTIME M300,0,0,580601
10126369,KIOSK; 630 KVA WITH LV PANEL & BUSDUCT,90,0,6650000
10127158,"CONDUCTIVITY STANDARD; 84 US/CM,HACH",0,0,1000
10128890,"CABLE CONNECT; 17.5KV CASSETTE TYPE,W/CT",90,0,2891158
10128891,"ADAPTOR;BUSBAR,17.5KV CASSETTE TYPE,W/CT",90,0,3719435
10129124,PMU;400KVA WITH ARC STRANGLERS & FUSES,0,0,5000000
10129125,PMU;200KVA WITH ARC STRANGLERS & FUSES,0,0,3900000
10130819,VCB; MV PROT W/O PQ ANALYZER T-1(ENSURE),150,0,2500000
10130952,CABLE; FO LGP 50M,90,0,26150
10131743,"CORD; FO PATCH, LCST MM 50M",90,0,66015.75
10131745,ADAPTERS; LC LC FEMALE,90,0,850
10131757,BOX;FEEDER PILLAR PLYMR WTH O/GOIN BREAK,120,0,350000
10132190,TRANSFORMER;DIST 3Ø OIL TYPE 250KVA (AL),120,0,1285000
10132193,BOARD; PMT NAME PLATE WITH DANGER SIGN,90,0,2441.61
10132329,SWITCH; LBS 11KV SF6 630A SS PANEL,120,0,2000000
10133474,VCB; 11KV 630A CT300-600/5A FIXED TYPE,120,0,3000000
10133599,VCB; 11KV 630A CT300-600/5/5A FIXED TYP,120,0,3000000
10134880,PANEL; LT 8-WAY METAL ENCLOSURE 750KVA,120,0,1665000
10135324,SWITCH; LBS 11KV SF6 630A SS WITH SCADA,120,0,2800000
10135325,VCB;11KV CT300-600/5/5 FIXED TYP W/SCADA,120,0,3100000
10135326,VCB;11KV CT300-600/5A FIXED TYP W/SCADA,120,0,3000000
10135384,RMU;3WAY ISO TYPE COMPACT W O/D HOUSING,0,0,3620400
10136723,FCB;11KV PANEL RCT300-600/1 W/SCADA SPR,0,0,3150000
10136724,"FCB;11KV PANEL RCT300-600/1/1, SCADA,SPR",0,0,3550000
10136725,"FCB;11KV PANEL CT300-600/1,SCADA,SPR &PT",0,0,3350000
10136726,VCB;11KV CT100/5/5 FIXED TYPE PANEL,0,0,3000000
10136727,VCB;11KV CT100/5/5 FXD IN/OUT BLK PANEL,0,0,2900000
10136728,VCB;11KV CT100/5A FIXED TYPE PANEL,0,0,2900000
10136729,SWTCH;LBS 11KV SF6 SS W/ENRGY MTR&SCADA,120,0,3500000
10136730,SWITCH;LBS 11KV SF6 630A SS W/ ENRGY MTR,120,0,2900000
20000000,GREASE; MEGASIL SELICONE,120,0,1976
20000001,OIL; TRANSFORMER,60,0,115.12
20000005,OIL; KEROSENE,60,0,95.4
20000015,OIL; TARPENTINE,60,0,405
20000239,SPRAY; W-D-40,60,0,324
20001791,GAS; ARGON N5 ANALYTICAL GRADE,90,0,705.88
20002021,SANITIZER; 60 ML,90,0,160
20002022,SANITIZER; 25000 ML,0,0,32500
20002041,SANITIZER; 5000 ML,30,0,3000
80000033,USED;PMT STRUCTURE 250/500 KVA 9' COMPLT,0,1,1
80000357,"USED POLE LTST 31'X4-1/2""",0,1,1
80001059,USED WIRE PVC S/CORE  10 MM2,0,1,1
80001063,USED WIRE; P V C S/CORE  300 MM2,0,1,1
80001104,USED CONDUCTOR COPPER 2 SWG,0,1,1
80001106,USED CONDUCTOR COPPER 3/0 SWG,0,1,1
80001107,USED CONDUCTOR COPPER 8 SWG,0,1,1
80001177,USED FUSE SWITCHE DROP C/OUT 100A TYPE A,0,1,1
80001220,"USED BRACKET POLE G.I. A TYPE 6-1/2""",0,1,1
80001231,"USED CLAMP G. I., D TYPE, 3- 1/2""",0,1,1
80001260,"USED CLAMP G. I., D TYPE, 5- 1/2"" """,0,1,1
80001373,USED CLAMP FULL G.I. 1-1/2',0,1,1
80001447,USED INSULATORS REEL 2,0,0,1
80001448,USED; PIN FOR PIN INSULATOR,0,1,1
80001449,USED INSULATORS PIN TYPE 11 KV,0,1,1
80001668,USED STRIP SHACKLE G.I. 19/18,0,1,1
80001669,USED STRIP SHACKLE G.I. 19/13,0,1,1
80001930,USED TRANSFORMER; CURRENT 400/5A,0,1,1
80004375,SWITCH; CHANGE OVER  220KVA,0,1,1
80005061,USED CABLE COPPER LT4 CORE 240 MM2 (ARM),0,1,1
80005065,USED;CABLE COPPER LT 4 CORE 16 MM2 (U/A),0,1,1
80005066,USED CABLE COPPER LT 4 CORE 35 MM2 U/A,0,1,1
80036553,Used Connector; Piercing Insu.16 to 10-1,0,0,1
90000011,SCRAP; CABLE AL INCLUDING JOINT,0,0,1
90000014,SCRAP; CONDUCTOR CU DISTRIBUTION,0,0,1
90000016,SCRAP; CONDUCTOR  AL DISTRIBUTION,0,0,1
90000017,SCRAP; CABLE CU,0,0,1
90000021,SCRAP; METER ENERGY,0,0,1
90000027,SCRAP; CT & PT,0,0,1
90000028,SCRAP; IRON,0,0,15.64
90000036,SCRAP; WOOD,0,0,1
90000037,SCRAP; POLE TUBULAR STEEL,0,0,1
90000087,SCRAP; TRANSFORMER DISTRIBUTION 250 KVA,0,0,1
90000090,SCRAP; TRANSFORMER DISTRIBUTION 500 KVA,0,0,1
90000105,SCRAP; PLASTIC,0,0,1
90000170,SCRAP; FUSE & BASE,0,0,1
90000300,SCRAP; CIRCUIT BREAKER VARIOUS RATING,0,0,1
90000301,SCRAP; ASSORTED WASTE MATERIAL,0,0,1
